{
    "parent": "item/generated",
    "display": {
        "thirdperson_righthand": {
            "rotation": [ 0, 90, 0 ],
            "translation": [ 0, 0, 0 ],
            "scale": [ 0.05, 0.05, 0.05 ]
        },
        "thirdperson_lefthand": {
            "rotation": [ 0, -90, 0 ],
            "translation": [ 0, 0, 0 ],
            "scale": [ 0.05, 0.05, 0.05 ]
        },
        "firstperson_righthand": {
            "rotation": [ 20, 90, 0 ],
            "translation": [ 0, 1, 0],
            "scale": [ 0.15, 0.15, 0.15 ]
        },
        "firstperson_lefthand": {
            "rotation": [ 20, -90, 0 ],
            "translation": [ 0, 1, 0],
            "scale": [ 0.15, 0.15, 0.15 ]
        }
    }
}
