{
    "parent": "item/handheld",
    "display": {
        "thirdperson_righthand": {
            "rotation": [ 0, 90, 0 ],
            "translation": [ 0, 0, 0 ],
            "scale": [ 0.75, 0.75, 0.75 ]
        },
        "thirdperson_lefthand": {
            "rotation": [ 0, -90, 0 ],
            "translation": [ 0, 0, 0 ],
            "scale": [ 0.75, 0.75, 0.75 ]
        },
        "firstperson_righthand": {
            "rotation": [ 20, 90, 0 ],
            "translation": [ 0, 1, 0],
            "scale": [ 0.75, 0.75, 0.75 ]
        },
        "firstperson_lefthand": {
            "rotation": [ 20, -90, 0 ],
            "translation": [ 0, 1, 0],
            "scale": [ 0.75, 0.75, 0.75 ]
        }
    }
}
