{
  "parent": "minecraft:item/generated",
  "textures": {
    "layer0": "minecraft:item/emerald"
  },
  "overrides": [
    {"predicate": {"custom_model_data":2000001}, "model": "item/coins/vitae"},
    {"predicate": {"custom_model_data":2000002}, "model": "item/coins/ohmc"},
    {"predicate": {"custom_model_data":2000003}, "model": "item/coins/send"},
    {"predicate": {"custom_model_data":2000004}, "model": "item/coins/btc"},
    {"predicate": {"custom_model_data":2000005}, "model": "item/coins/eth"}
  ]
}
