{
    "parent": "item/generated",
    "textures": {
        "layer0": "item/iron_ingot"
    },
    "overrides": [
	  {"predicate": {"custom_model_data":1000000}, "model": "item/weapons/ammo/light_ammo"},
	  {"predicate": {"custom_model_data":1000001}, "model": "item/weapons/ammo/heavy_ammo"},
	  {"predicate": {"custom_model_data":1000002}, "model": "item/weapons/ammo/shotgun_ammo"},
	  {"predicate": {"custom_model_data":1000003}, "model": "item/weapons/ammo/ballistic_knife_blade"},
      {"predicate": {"custom_model_data":1000004}, "model": "item/weapons/ammo/rpg_ammo"},
	  {"predicate": {"custom_model_data":1000100}, "model": "item/weapons/grenade_concussion"},
	  {"predicate": {"custom_model_data":1000101}, "model": "item/weapons/grenade_flashbang"},
	  {"predicate": {"custom_model_data":1000110}, "model": "item/weapons/grenade_concussion_active"},
	  {"predicate": {"custom_model_data":1000111}, "model": "item/weapons/grenade_flashbang_active"},
	  {"predicate": {"custom_model_data":2111110}, "model": "item/weapons/parts/ak47_barrel"},
	  {"predicate": {"custom_model_data":2111112}, "model": "item/weapons/parts/ak47_body"},
	  {"predicate": {"custom_model_data":2111113}, "model": "item/weapons/parts/ak47_clip"},
	  {"predicate": {"custom_model_data":2111116}, "model": "item/weapons/parts/ballistic_knife_grip"},
	  {"predicate": {"custom_model_data":2111117}, "model": "item/weapons/parts/firing_pin"},
	  {"predicate": {"custom_model_data":2111118}, "model": "item/weapons/parts/glock_clip"},
	  {"predicate": {"custom_model_data":2111119}, "model": "item/weapons/parts/glock_grip"},
	  {"predicate": {"custom_model_data":2111120}, "model": "item/weapons/parts/glock_slide"},
	  {"predicate": {"custom_model_data":2111121}, "model": "item/weapons/parts/mp5_body"},
	  {"predicate": {"custom_model_data":2111122}, "model": "item/weapons/parts/mp5_clip"},
	  {"predicate": {"custom_model_data":2111123}, "model": "item/weapons/parts/mp5_grip"},
	  {"predicate": {"custom_model_data":2111124}, "model": "item/weapons/parts/msg_body"},
	  {"predicate": {"custom_model_data":2111125}, "model": "item/weapons/parts/msg_clip"},
	  {"predicate": {"custom_model_data":2111126}, "model": "item/weapons/parts/msg_grip"},
	  {"predicate": {"custom_model_data":2111127}, "model": "item/weapons/parts/msg_stock"},
	  {"predicate": {"custom_model_data":2111128}, "model": "item/weapons/parts/shotgun_barrel"},
	  {"predicate": {"custom_model_data":2111129}, "model": "item/weapons/parts/shotgun_body"},
	  {"predicate": {"custom_model_data":2111130}, "model": "item/weapons/parts/shotgun_pump_grip"},
	  {"predicate": {"custom_model_data":2111131}, "model": "item/weapons/parts/shotgun_support"},
	  {"predicate": {"custom_model_data":2111132}, "model": "item/weapons/parts/shotgun_grip"},
	  {"predicate": {"custom_model_data":2111133}, "model": "item/weapons/parts/ar15_barrel"},
	  {"predicate": {"custom_model_data":2111134}, "model": "item/weapons/parts/ar15_barrel_housing"},
	  {"predicate": {"custom_model_data":2111135}, "model": "item/weapons/parts/ar15_body"},
	  {"predicate": {"custom_model_data":2111136}, "model": "item/weapons/parts/ar15_clip"},
	  {"predicate": {"custom_model_data":2111137}, "model": "item/weapons/parts/ar15_grip"},
	  {"predicate": {"custom_model_data":2111138}, "model": "item/weapons/parts/ar15_stock"},
	  {"predicate": {"custom_model_data":2111139}, "model": "item/weapons/parts/rpg_muzzle"},
	  {"predicate": {"custom_model_data":2111140}, "model": "item/weapons/parts/rpg_launch_tube"},
	  {"predicate": {"custom_model_data":2111141}, "model": "item/weapons/parts/rpg_body"}
    ]
}
