{
    "parent": "item/generated",
    "textures": {
        "layer0": "item/music_disc_cat"
    },
    "overrides": [
      {"predicate": {"custom_model_data":1000001}, "model": "item/components/cacheframe_i"},
      {"predicate": {"custom_model_data":1000002}, "model": "item/components/cacheframe_ix"},
      {"predicate": {"custom_model_data":2000001}, "model": "item/components/chargedframe_i"},
      {"predicate": {"custom_model_data":2000002}, "model": "item/components/chargedframe_ix"},
      {"predicate": {"custom_model_data":3000001}, "model": "item/components/conductorframe_i"},
      {"predicate": {"custom_model_data":3000002}, "model": "item/components/conductorframe_ix"},
      {"predicate": {"custom_model_data":4000001}, "model": "item/components/energyframe_i"},
      {"predicate": {"custom_model_data":4000002}, "model": "item/components/energyframe_ix"}
    ]
}
