{
    "parent": "item/generated",
    "textures": {
        "layer0": "item/music_disc_chirp"
    },
    "overrides": [
      {"predicate": {"custom_model_data":1000001}, "model": "item/components/andesiteframe_i"},
      {"predicate": {"custom_model_data":1000002}, "model": "item/components/andesiteframe_ix"},
      {"predicate": {"custom_model_data":2000001}, "model": "item/components/brickframe_i"},
      {"predicate": {"custom_model_data":2000002}, "model": "item/components/brickframe_ix"},
      {"predicate": {"custom_model_data":3000001}, "model": "item/components/dioriteframe_i"},
      {"predicate": {"custom_model_data":3000002}, "model": "item/components/dioriteframe_ix"},
      {"predicate": {"custom_model_data":4000001}, "model": "item/components/quartzframe_i"},
      {"predicate": {"custom_model_data":4000002}, "model": "item/components/quartzframe_ix"},
      {"predicate": {"custom_model_data":5000001}, "model": "item/components/stoneframe_i"},
      {"predicate": {"custom_model_data":5000002}, "model": "item/components/stoneframe_ix"},
      {"predicate": {"custom_model_data":6000001}, "model": "item/components/woodframe_i"}
    ]
}
