{
    "parent": "item/generated",
    "textures": {
        "layer0": "item/music_disc_ward"
    },
    "overrides": [
      {"predicate": {"custom_model_data":1000001}, "model": "item/components/minercore_i"},
      {"predicate": {"custom_model_data":1000002}, "model": "item/components/minercore_ix"},
      {"predicate": {"custom_model_data":2000001}, "model": "item/components/processingcore_i"},
      {"predicate": {"custom_model_data":3000001}, "model": "item/components/matterinterpolator_i"}
    ]
}
