{
    "parent": "item/generated",
    "textures": {
        "layer0": "item/music_disc_far"
    },
    "overrides": [
      {"predicate": {"custom_model_data":1000001}, "model": "item/components/factoryframe_i"},
      {"predicate": {"custom_model_data":1000002}, "model": "item/components/factoryframe_ix"},
      {"predicate": {"custom_model_data":2000001}, "model": "item/components/researchframe_i"},
      {"predicate": {"custom_model_data":2000002}, "model": "item/components/researchframe_ix"},
      {"predicate": {"custom_model_data":3000001}, "model": "item/components/smokerframe_i"},
      {"predicate": {"custom_model_data":4000001}, "model": "item/components/forgeframe_i"}
    ]
}
