{
    "parent": "item/generated",
    "textures": {
        "layer0": "item/music_disc_13"
    },
    "overrides": [
      {"predicate": {"custom_model_data":1000001}, "model": "item/components/chestframe_i"},
      {"predicate": {"custom_model_data":1000002}, "model": "item/components/chestframe_ix"},
      {"predicate": {"custom_model_data":2000001}, "model": "item/components/craftingframe_i"},
      {"predicate": {"custom_model_data":2000002}, "model": "item/components/craftingframe_ix"},
      {"predicate": {"custom_model_data":3000001}, "model": "item/components/furnaceframe_i"},
      {"predicate": {"custom_model_data":3000002}, "model": "item/components/furnaceframe_ix"},
      {"predicate": {"custom_model_data":4000001}, "model": "item/components/smeltingframe_i"},
      {"predicate": {"custom_model_data":4000002}, "model": "item/components/smeltingframe_ix"}
    ]
}
