{
    "parent": "item/generated",
    "textures": {
        "layer0": "item/music_disc_mall"
    },
    "overrides": [
      {"predicate": {"custom_model_data":1000001}, "model": "item/components/advancedframe_i"},
      {"predicate": {"custom_model_data":1000002}, "model": "item/components/advancedframe_ix"},
      {"predicate": {"custom_model_data":2000001}, "model": "item/components/glassframe_i"},
      {"predicate": {"custom_model_data":2000002}, "model": "item/components/glassframe_ix"}
    ]
}
