{
    "parent": "item/generated",
    "textures": {
        "layer0": "item/music_disc_mellohi"
    },
    "overrides": [
      {"predicate": {"custom_model_data":1000001}, "model": "item/schematics/base/crystal"},
      {"predicate": {"custom_model_data":1000002}, "model": "item/schematics/base/enhancer"},
      {"predicate": {"custom_model_data":1000003}, "model": "item/schematics/base/infuser"},
      {"predicate": {"custom_model_data":1000004}, "model": "item/schematics/base/secondary_crystal"},
      {"predicate": {"custom_model_data":1000005}, "model": "item/schematics/base/stability_generator"},
      {"predicate": {"custom_model_data":1000006}, "model": "item/schematics/base/stabilizer"},
      {"predicate": {"custom_model_data":1000007}, "model": "item/schematics/base/storage"},
      {"predicate": {"custom_model_data":2000001}, "model": "item/schematics/factory/blacksmith"},
      {"predicate": {"custom_model_data":2000002}, "model": "item/schematics/factory/compressor"},
      {"predicate": {"custom_model_data":2000003}, "model": "item/schematics/factory/crafter"},
      {"predicate": {"custom_model_data":2000004}, "model": "item/schematics/factory/kelp_farm"},
      {"predicate": {"custom_model_data":2000005}, "model": "item/schematics/factory/macerator"},
      {"predicate": {"custom_model_data":2000006}, "model": "item/schematics/factory/mob_farm"},
      {"predicate": {"custom_model_data":2000007}, "model": "item/schematics/factory/smelter"},
      {"predicate": {"custom_model_data":2000008}, "model": "item/schematics/factory/smokehouse"},
      {"predicate": {"custom_model_data":3000001}, "model": "item/schematics/interactive/market"},
      {"predicate": {"custom_model_data":3000002}, "model": "item/schematics/interactive/miner"},
      {"predicate": {"custom_model_data":3000003}, "model": "item/schematics/interactive/wallet"},
      {"predicate": {"custom_model_data":4000001}, "model": "item/schematics/research/library"},
      {"predicate": {"custom_model_data":5000001}, "model": "item/schematics/special/dungeon"},
      {"predicate": {"custom_model_data":5000002}, "model": "item/schematics/special/rosen_bridge_leaf"},
      {"predicate": {"custom_model_data":5000003}, "model": "item/schematics/special/rosen_bridge"},
      {"predicate": {"custom_model_data":5000004}, "model": "item/schematics/special/tower"}
    ]
}
