{
    "parent": "item/generated",
    "textures": {
        "layer0": "item/music_disc_strad"
    },
    "overrides": [
      {"predicate": {"custom_model_data":1000001}, "model": "item/components/ironframe_i"},
      {"predicate": {"custom_model_data":1000002}, "model": "item/components/ironframe_ix"},
      {"predicate": {"custom_model_data":2000001}, "model": "item/components/obsidianframe_i"},
      {"predicate": {"custom_model_data":2000002}, "model": "item/components/obsidianframe_ix"},
      {"predicate": {"custom_model_data":3000001}, "model": "item/components/turretframe_i"}
    ]
}
