{
    "parent": "item/generated",
    "display": {
        "thirdperson_righthand": {
            "rotation": [ 0, -90, 55 ],
            "translation": [ 0, 1.7, 0.5 ],
            "scale": [ 0.45, 0.45, 0.45 ]
        },
        "thirdperson_lefthand": {
            "rotation": [ 0, 90, -55 ],
            "translation": [ 0, 1.7, 0.5 ],
            "scale": [ 0.45, 0.45, 0.45 ]
        },
        "firstperson_righthand": {
            "rotation": [ 0, -90, 35 ],
            "translation": [ 1.13, 2.2, 0.73 ],
            "scale": [ 0.32, 0.32, 0.32 ]
        },
        "firstperson_lefthand": {
            "rotation": [ 0, 90, -35 ],
            "translation": [ 1.13, 2.2, 0.73 ],
            "scale": [ 0.32, 0.32, 0.32 ]
        }
    }
}
